<?xml version="1.0" encoding="utf-8"?>
<merger version="3"><dataSet aapt-namespace="http://schemas.android.com/apk/res-auto" config="main$Generated" generated="true" ignore_pattern="!.svn:!.git:!.ds_store:!*.scc:.*:&lt;dir>_*:!CVS:!thumbs.db:!picasa.ini:!*~"><source path="/Users/mel/Desktop/flutter/.pub-cache/hosted/pub.dartlang.org/flutter_plugin_android_lifecycle-2.0.6/android/src/main/res"/><source path="/Users/mel/Documents/Ghost_In_the_Machine/build/flutter_plugin_android_lifecycle/generated/res/rs/debug"/><source path="/Users/mel/Documents/Ghost_In_the_Machine/build/flutter_plugin_android_lifecycle/generated/res/resValues/debug"/></dataSet><dataSet aapt-namespace="http://schemas.android.com/apk/res-auto" config="main" generated-set="main$Generated" ignore_pattern="!.svn:!.git:!.ds_store:!*.scc:.*:&lt;dir>_*:!CVS:!thumbs.db:!picasa.ini:!*~"><source path="/Users/mel/Desktop/flutter/.pub-cache/hosted/pub.dartlang.org/flutter_plugin_android_lifecycle-2.0.6/android/src/main/res"/><source path="/Users/mel/Documents/Ghost_In_the_Machine/build/flutter_plugin_android_lifecycle/generated/res/rs/debug"/><source path="/Users/mel/Documents/Ghost_In_the_Machine/build/flutter_plugin_android_lifecycle/generated/res/resValues/debug"/></dataSet><dataSet aapt-namespace="http://schemas.android.com/apk/res-auto" config="debug$Generated" generated="true" ignore_pattern="!.svn:!.git:!.ds_store:!*.scc:.*:&lt;dir>_*:!CVS:!thumbs.db:!picasa.ini:!*~"><source path="/Users/mel/Desktop/flutter/.pub-cache/hosted/pub.dartlang.org/flutter_plugin_android_lifecycle-2.0.6/android/src/debug/res"/></dataSet><dataSet aapt-namespace="http://schemas.android.com/apk/res-auto" config="debug" generated-set="debug$Generated" ignore_pattern="!.svn:!.git:!.ds_store:!*.scc:.*:&lt;dir>_*:!CVS:!thumbs.db:!picasa.ini:!*~"><source path="/Users/mel/Desktop/flutter/.pub-cache/hosted/pub.dartlang.org/flutter_plugin_android_lifecycle-2.0.6/android/src/debug/res"/></dataSet><mergedItems/></merger>